Etudiant,Nom,Prenom,Entreprise,enseignant,tuteur
Abraham.Solis@etudiant.univ-rennes1.fr,Solis,Abraham,Fritz,Glenn,Burton
Valentine.Suarez@etudiant.univ-rennes1.fr,Suarez,Valentine,Jin,Forbes,Rosales
Zeph.Stephens@etudiant.univ-rennes1.fr,Stephens,Zeph,Ralph,Terry,Powers
Benedict.Carlson@etudiant.univ-rennes1.fr,Carlson,Benedict,Acton,Pennington,Manning
Cedric.Higgins@etudiant.univ-rennes1.fr,Higgins,Cedric,Octavius,Cortez,Pennington
Oliver.Rowe@etudiant.univ-rennes1.fr,Rowe,Oliver,Harrison,Howe,Foster
David.Fry@etudiant.univ-rennes1.fr,Fry,David,Drew,Mathis,Valenzuela
Jacob.Randolph@etudiant.univ-rennes1.fr,Randolph,Jacob,Nathaniel,Randolph,Stevenson
Dean.Calderon@etudiant.univ-rennes1.fr,Calderon,Dean,Scott,Kirkland,Forbes
Amos.Dixon@etudiant.univ-rennes1.fr,Dixon,Amos,Byron,Stevenson,Navarro
Cade.Baker@etudiant.univ-rennes1.fr,Baker,Cade,Ferdinand,Manning,Campos
Chadwick.Branch@etudiant.univ-rennes1.fr,Branch,Chadwick,Jamal,Burton,Figueroa
Murphy.Lopez@etudiant.univ-rennes1.fr,Lopez,Murphy,Brock,Oliver,Mcdowell
Oleg.Clemons@etudiant.univ-rennes1.fr,Clemons,Oleg,Vaughan,Rosales,Burks
Lance.Cross@etudiant.univ-rennes1.fr,Cross,Lance,Castor,Powers,Glenn
Chancellor.Kim@etudiant.univ-rennes1.fr,Kim,Chancellor,Hilel,Glenn,Wolf
Zephania.Harrison@etudiant.univ-rennes1.fr,Harrison,Zephania,Merritt,Forbes,Church
Brent.Pitts@etudiant.univ-rennes1.fr,Pitts,Brent,Lester,Terry,Kinney
Octavius.Good@etudiant.univ-rennes1.fr,Good,Octavius,Richard,Pennington,Crawford
Mannix.Miles@etudiant.univ-rennes1.fr,Miles,Mannix,Rafael,Cortez,Barnett
Kennedy.Mccall@etudiant.univ-rennes1.fr,Mccall,Kennedy,Prescott,Howe,Massey
Shad.Moon@etudiant.univ-rennes1.fr,Moon,Shad,Leonard,Mathis,Osborn
Akeem.Mosley@etudiant.univ-rennes1.fr,Mosley,Akeem,Donovan,Randolph,Randolph
Talon.Williams@etudiant.univ-rennes1.fr,Williams,Talon,Addison,Kirkland,Mathis
Burke.Aguilar@etudiant.univ-rennes1.fr,Aguilar,Burke,Conan,Stevenson,Kirkland
Emery.Gay@etudiant.univ-rennes1.fr,Gay,Emery,Rafael,Manning,Hale
Gage.Allen@etudiant.univ-rennes1.fr,Allen,Gage,Caldwell,Burton,Oliver
Luke.Perez@etudiant.univ-rennes1.fr,Perez,Luke,Plato,Oliver,Pena
Kato.Patel@etudiant.univ-rennes1.fr,Patel,Kato,Jin,Rosales,Bray
Damian.Stanley@etudiant.univ-rennes1.fr,Stanley,Damian,Harper,Powers,Manning
Emmanuel.Anderson@etudiant.univ-rennes1.fr,Anderson,Emmanuel,Ross,Glenn,Thomas
Macon.Vaughan@etudiant.univ-rennes1.fr,Vaughan,Macon,Maxwell,Forbes,Rojas
Damon.Haynes@etudiant.univ-rennes1.fr,Haynes,Damon,Kenneth,Terry,Parsons
Joseph.Slater@etudiant.univ-rennes1.fr,Slater,Joseph,Isaac,Pennington,Howe
Drew.Knowles@etudiant.univ-rennes1.fr,Knowles,Drew,Raymond,Cortez,Oconnor
Lucian.Williams@etudiant.univ-rennes1.fr,Williams,Lucian,Hector,Howe,Wheeler
Christopher.Love@etudiant.univ-rennes1.fr,Love,Christopher,Rafael,Mathis,Terry
Valentine.Sexton@etudiant.univ-rennes1.fr,Sexton,Valentine,Keefe,Randolph,Obrien
Lee.Suarez@etudiant.univ-rennes1.fr,Suarez,Lee,Carlos,Kirkland,Cortez
Vernon.Noel@etudiant.univ-rennes1.fr,Noel,Vernon,Fritz,Stevenson,Burton
Keith.Harrington@etudiant.univ-rennes1.fr,Harrington,Keith,Jin,Manning,Rosales
Jordan.Alvarado@etudiant.univ-rennes1.fr,Alvarado,Jordan,Ralph,Burton,Powers
Talon.Greer@etudiant.univ-rennes1.fr,Greer,Talon,Acton,Oliver,Manning
Alan.Blackburn@etudiant.univ-rennes1.fr,Blackburn,Alan,Octavius,Rosales,Pennington
Gary.Graves@etudiant.univ-rennes1.fr,Graves,Gary,Harrison,Powers,Foster
Amery.Long@etudiant.univ-rennes1.fr,Long,Amery,Drew,Glenn,Valenzuela
Hector.Bradshaw@etudiant.univ-rennes1.fr,Bradshaw,Hector,Nathaniel,Forbes,Stevenson
Lucian.Little@etudiant.univ-rennes1.fr,Little,Lucian,Scott,Terry,Forbes
Salvador.Reilly@etudiant.univ-rennes1.fr,Reilly,Salvador,Byron,Pennington,Navarro
Nigel.Hernandez@etudiant.univ-rennes1.fr,Hernandez,Nigel,Ferdinand,Cortez,Campos
